-- phpMyAdmin SQL Dump
-- version 4.9.7
-- https://www.phpmyadmin.net/
--
-- ホスト: 127.0.0.1:3306
-- 生成日時: 2021 年 12 月 15 日 08:09
-- サーバのバージョン： 5.7.32
-- PHP のバージョン: 7.4.12

SET SQL_MODE = "NO_AUTO_VALUE_ON_ZERO";
SET time_zone = "+00:00";


/*!40101 SET @OLD_CHARACTER_SET_CLIENT=@@CHARACTER_SET_CLIENT */;
/*!40101 SET @OLD_CHARACTER_SET_RESULTS=@@CHARACTER_SET_RESULTS */;
/*!40101 SET @OLD_COLLATION_CONNECTION=@@COLLATION_CONNECTION */;
/*!40101 SET NAMES utf8mb4 */;

--
-- データベース: `coordinate`
--

-- --------------------------------------------------------

--
-- テーブルの構造 `categories`
--

CREATE TABLE `categories` (
  `category_id` int(11) NOT NULL,
  `category_name` varchar(255) NOT NULL
) ENGINE=InnoDB DEFAULT CHARSET=utf8;

--
-- テーブルのデータのダンプ `categories`
--

INSERT INTO `categories` (`category_id`, `category_name`) VALUES
(1, 'outer'),
(2, 'tops'),
(3, 'pants'),
(4, 'shoos'),
(5, 'acce');

-- --------------------------------------------------------

--
-- テーブルの構造 `items`
--

CREATE TABLE `items` (
  `items_id` int(11) NOT NULL,
  `user_id` int(11) NOT NULL,
  `post_id` int(11) NOT NULL,
  `category_id` int(11) NOT NULL,
  `brand` varchar(500) DEFAULT NULL,
  `item_name` varchar(500) DEFAULT NULL,
  `price` varchar(500) DEFAULT NULL,
  `size` varchar(50) DEFAULT NULL,
  `del_flg` int(11) NOT NULL DEFAULT '0' COMMENT '権限(0:表示1:非表示)'
) ENGINE=InnoDB DEFAULT CHARSET=utf8;

--
-- テーブルのデータのダンプ `items`
--

INSERT INTO `items` (`items_id`, `user_id`, `post_id`, `category_id`, `brand`, `item_name`, `price`, `size`, `del_flg`) VALUES
(171, 6, 129, 1, 'AIME LEON DORE', 'AIME LEON DOREのパーカー', '10,000-20,000', 'M', 0),
(172, 6, 129, 5, 'NEW ERA', 'NEW ERA ホワイトキャップ', '5,000-7,000', 'M', 0),
(173, 6, 129, 0, '', '', '', '', 0),
(174, 6, 129, 0, '', '', '', '', 0),
(175, 6, 129, 0, '', '', '', '', 0),
(181, 6, 131, 1, 'JOURNAL STANDARD relume up', 'Californiaモッズコートセットライナー THERMO LITE(R) up', '24,200', 'M', 0),
(182, 6, 131, 0, '', '', '', '', 0),
(183, 6, 131, 0, '', '', '', '', 0),
(184, 6, 131, 0, '', '', '', '', 0),
(185, 6, 131, 0, '', '', '', '', 0),
(186, 6, 132, 2, 'hpge555 up', 'hoge555 up', '11,000', 'M', 0),
(188, 6, 132, 0, '', '', '', '', 0),
(189, 6, 132, 0, '', '', '', '', 0),
(190, 6, 132, 0, '', '', '', '', 0),
(191, 6, 133, 2, 'ZIP FIVE', 'ビッグアーガイル Ｖネック リラックスニット', '6,930', 'L', 0),
(192, 6, 133, 0, '', '', '', '', 0),
(193, 6, 133, 0, '', '', '', '', 0),
(194, 6, 133, 0, '', '', '', '', 0),
(195, 6, 133, 0, '', '', '', '', 0),
(196, 6, 134, 2, 'ZIP FIVE', 'ビッグアーガイル Ｖネック リラックスニット', '6,930', 'L', 0),
(197, 6, 134, 0, '', '', '', '', 0),
(198, 6, 134, 0, '', '', '', '', 0),
(199, 6, 134, 0, '', '', '', '', 0),
(200, 6, 134, 0, '', '', '', '', 0),
(216, 6, 135, 1, '[UNSTUDIED]', '[UNSTUDIED]プリントフィールパーカー', '9,790', 'L', 0),
(217, 6, 135, 0, '', '', '', '', 0),
(218, 6, 135, 0, '', '', '', '', 0),
(219, 6, 135, 0, '', '', '', '', 0),
(220, 6, 135, 0, '', '', '', '', 0),
(276, 6, 143, 5, 'Engineered Garments', 'Engineered Garmentsのベレー帽', '10,000-20,000', 'M', 0),
(277, 6, 143, 2, 'Champion', 'Championのスウェット', '8,000-10,000', 'M', 0),
(278, 6, 143, 2, 'VINTAGE', 'VINTAGEのシャツ/ブラウス', '11,000', 'M', 0),
(279, 6, 143, 0, '', '', '', '', 0),
(280, 6, 143, 0, '', '', '', '', 0),
(306, 7, 147, 2, 'Lui\'s', 'ハイクオリティー メルトンオーバーブルゾン', '36,300', 'M', 0),
(307, 7, 147, 0, '', '', '', '', 0),
(308, 7, 147, 0, '', '', '', '', 0),
(309, 7, 147, 0, '', '', '', '', 0),
(310, 7, 147, 0, '', '', '', '', 0),
(316, 6, 149, 2, 'Munsingwear Grand-Slam', 'ウールフリース　バスクシャツ風セーター', '16,500', 'M', 0),
(317, 6, 149, 2, 'Munsingwear Grand-Slam', 'ウールフリース　バスクシャツ風セーター', '16,500', 'M', 0),
(318, 6, 149, 3, 'Munsingwear Grand-Slam', 'ジャーマンコード　バギートラウザー', '19,800', 'M', 0),
(319, 6, 149, 4, 'Munsingwear Grand-Slam', 'ジャーマンコード　バギートラウザー', '19,800', 'M', 0),
(320, 6, 149, 0, '', '', '', '', 0),
(354, 6, 131, 0, NULL, NULL, NULL, NULL, 0),
(355, 6, 131, 1, 'hpge100', 'hpge100', '13,750', 'M', 0),
(356, 6, 131, 0, '', '', '', '', 0),
(357, 6, 131, 0, '', '', '', '', 0),
(358, 6, 131, 0, '', '', '', '', 0),
(359, 6, 132, 0, NULL, NULL, NULL, NULL, 0),
(360, 6, 132, 0, NULL, NULL, NULL, NULL, 0),
(361, 6, 132, 5, 'b2 up', 'it2 up', '11,000', 'M', 0),
(362, 6, 132, 0, '', '', '', '', 0),
(363, 6, 132, 0, '', '', '', '', 0),
(364, 6, 132, 0, NULL, NULL, NULL, NULL, 0),
(365, 6, 132, 0, NULL, NULL, NULL, NULL, 0),
(366, 6, 132, 0, NULL, NULL, NULL, NULL, 0),
(367, 6, 132, 0, '', '', '', '', 0),
(368, 6, 132, 0, '', '', '', '', 0),
(369, 6, 132, 0, NULL, NULL, NULL, NULL, 0),
(370, 6, 132, 0, NULL, NULL, NULL, NULL, 0),
(371, 6, 132, 0, '', '', '', '', 0),
(372, 6, 132, 0, '', '', '', '', 0),
(373, 6, 132, 0, '', '', '', '', 0),
(374, 6, 132, 0, NULL, NULL, NULL, NULL, 0),
(375, 6, 132, 0, NULL, NULL, NULL, NULL, 0),
(376, 6, 132, 0, '', '', '', '', 0),
(377, 6, 132, 0, '', '', '', '', 0),
(378, 6, 132, 0, '', '', '', '', 0),
(379, 6, 132, 0, NULL, NULL, NULL, NULL, 0),
(380, 6, 132, 0, NULL, NULL, NULL, NULL, 0),
(381, 6, 132, 0, '', '', '', '', 0),
(382, 6, 132, 0, '', '', '', '', 0),
(383, 6, 132, 0, '', '', '', '', 0),
(384, 6, 132, 0, NULL, NULL, NULL, NULL, 0),
(385, 6, 132, 0, NULL, NULL, NULL, NULL, 0),
(386, 6, 132, 3, 'aaaaa', 'aaaaa', '11,000', 'M', 0),
(387, 6, 132, 0, '', '', '', '', 0),
(388, 6, 132, 0, '', '', '', '', 0),
(389, 7, 139, 1, '不明', 'ステンカラーコート', '10,000-20,000', 'L', 0),
(390, 7, 139, 0, '', '', '', '', 0),
(391, 7, 139, 0, '', '', '', '', 0),
(392, 7, 139, 0, '', '', '', '', 0),
(393, 7, 139, 0, '', '', '', '', 0),
(394, 7, 139, 0, NULL, NULL, NULL, NULL, 0),
(395, 7, 139, 1, 'ユニクロ', '4wayツイルイージースラックス', '13,750', 'M', 0),
(396, 7, 139, 0, '', '', '', '', 0),
(397, 7, 139, 0, '', '', '', '', 0),
(398, 7, 139, 0, '', '', '', '', 0),
(399, 7, 140, 2, 'MinoriTY', 'セーター オーバーサイズニット', '3,960', 'M', 0),
(400, 7, 140, 0, '', '', '', '', 0),
(401, 7, 140, 0, '', '', '', '', 0),
(402, 7, 140, 0, '', '', '', '', 0),
(403, 7, 140, 0, '', '', '', '', 0),
(404, 7, 140, 0, NULL, NULL, NULL, NULL, 0),
(405, 7, 140, 5, 'Confirm', 'バケットハット', '1,639', 'M', 0),
(406, 7, 140, 0, '', '', '', '', 0),
(407, 7, 140, 0, '', '', '', '', 0),
(408, 7, 140, 0, '', '', '', '', 0),
(409, 7, 140, 0, NULL, NULL, NULL, NULL, 0),
(410, 7, 140, 0, NULL, NULL, NULL, NULL, 0),
(411, 7, 140, 0, '', '', '', '', 0),
(412, 7, 140, 0, '', '', '', '', 0),
(413, 7, 140, 0, '', '', '', '', 0),
(414, 7, 140, 0, NULL, NULL, NULL, NULL, 0),
(415, 7, 140, 0, NULL, NULL, NULL, NULL, 0),
(416, 7, 140, 0, '', '', '', '', 0),
(417, 7, 140, 0, '', '', '', '', 0),
(418, 7, 140, 0, '', '', '', '', 0),
(419, 7, 140, 0, NULL, NULL, NULL, NULL, 0),
(420, 7, 140, 0, NULL, NULL, NULL, NULL, 0),
(421, 7, 140, 0, '', '', '', '', 0),
(422, 7, 140, 0, '', '', '', '', 0),
(423, 7, 140, 0, '', '', '', '', 0),
(444, 8, 152, 1, 'SENSE OF PLACE by URBAN RESEARCH', 'NewzealandWoolスタジャン', '10,890', 'M', 0),
(445, 8, 152, 2, 'SENSE OF PLACE by URBAN RESEARCH', 'ストレッチモックネックセーター', '3,190', 'M', 0),
(446, 8, 152, 3, 'SENSE OF PLACE by URBAN RESEARCH', 'センタープレスストレートパンツ', '5,390', 'M', 0),
(447, 8, 152, 0, '', '', '', '', 0),
(448, 8, 152, 0, '', '', '', '', 0),
(449, 8, 153, 1, 'MONO-MART', 'ケーブルボリュームニットカーディガン', '5,500', 'L', 0),
(450, 8, 153, 2, 'ユニクロ', 'ソフトタッチタートルネックT（長袖）', '1,100', 'M', 0),
(451, 8, 153, 0, '', '', '', '', 0),
(452, 8, 153, 0, '', '', '', '', 0),
(453, 8, 153, 0, '', '', '', '', 0),
(454, 7, 154, 1, 'ユニクロ', 'フリースコンビネーションジャケット', '4,389', 'M', 0),
(455, 7, 154, 2, 'ユニクロ', 'エクストラファインコットンブロードオーバーサイズシャツ（長袖）', '3,289', 'M', 0),
(456, 7, 154, 3, 'Levi\'s', '511(TM)-スリムフィット/ライトインディゴブルー/LEGENDARY/10.9oz', '8,800', '79', 0),
(457, 7, 154, 0, '', '', '', '', 0),
(458, 7, 154, 0, '', '', '', '', 0),
(459, 7, 155, 1, 'Lui\'s', 'ハイクオリティー メルトンステンカラーコート', '42,900', 'L', 0),
(460, 7, 155, 0, '', '', '', '', 0),
(461, 7, 155, 0, '', '', '', '', 0),
(462, 7, 155, 0, '', '', '', '', 0),
(463, 7, 155, 0, '', '', '', '', 0),
(464, 15, 156, 1, 'MILITARY', 'デッドストック イタリア海軍 モックネック ウールセーター', '7,480', 'M', 0),
(465, 15, 156, 3, 'Dickies', 'オリジナル874　TWILL WORK　PANTS ワークパンツ【DK874】', '6,050', 'M', 0),
(466, 15, 156, 0, '', '', '', '', 0),
(467, 15, 156, 0, '', '', '', '', 0),
(468, 15, 156, 0, '', '', '', '', 0),
(469, 7, 139, 0, NULL, NULL, NULL, NULL, 0),
(470, 7, 139, 0, NULL, NULL, NULL, NULL, 0),
(471, 7, 139, 0, '', '', '', '', 0),
(472, 7, 139, 0, '', '', '', '', 0),
(473, 7, 139, 0, '', '', '', '', 0),
(474, 7, 139, 0, NULL, NULL, NULL, NULL, 0),
(475, 7, 139, 0, NULL, NULL, NULL, NULL, 0),
(476, 7, 139, 0, NULL, NULL, NULL, NULL, 0),
(477, 7, 139, 0, '', '', '', '', 0),
(478, 7, 139, 0, '', '', '', '', 0),
(479, 7, 139, 0, NULL, NULL, NULL, NULL, 0),
(480, 7, 139, 0, NULL, NULL, NULL, NULL, 0),
(481, 7, 139, 0, NULL, NULL, NULL, NULL, 0),
(482, 7, 139, 0, '', '', '', '', 0),
(483, 7, 139, 0, '', '', '', '', 0),
(484, 7, 157, 1, 'LILL', 'Y3', '10000', 'M', 0),
(485, 7, 157, 0, '', '', '', '', 0),
(486, 7, 157, 0, '', '', '', '', 0),
(487, 7, 157, 0, '', '', '', '', 0),
(488, 7, 157, 0, '', '', '', '', 0),
(489, 7, 158, 1, 'アディダス', 'Y3', '10000', 'M', 0),
(490, 7, 158, 0, '', '', '', '', 0),
(491, 7, 158, 0, '', '', '', '', 0),
(492, 7, 158, 0, '', '', '', '', 0),
(493, 7, 158, 0, '', '', '', '', 0),
(494, 7, 158, 0, NULL, NULL, NULL, NULL, 0),
(495, 7, 158, 2, 'ユニクロ', '4wayツイルイージースラックス', '9,350', 'M', 0),
(496, 7, 158, 0, '', '', '', '', 0),
(497, 7, 158, 0, '', '', '', '', 0),
(498, 7, 158, 0, '', '', '', '', 0),
(499, 7, 159, 1, 'アディダス', 'Y3', '10000', 'M', 0),
(500, 7, 159, 0, '', '', '', '', 0),
(501, 7, 159, 0, '', '', '', '', 0),
(502, 7, 159, 0, '', '', '', '', 0),
(503, 7, 159, 0, '', '', '', '', 0),
(504, 7, 159, 0, NULL, NULL, NULL, NULL, 0),
(505, 7, 159, 2, 'ユニクロ', '4wayツイルイージースラックス', '13,750', 'M', 0),
(506, 7, 159, 0, '', '', '', '', 0),
(507, 7, 159, 0, '', '', '', '', 0),
(508, 7, 159, 0, '', '', '', '', 0),
(509, 7, 159, 0, NULL, NULL, NULL, NULL, 0),
(510, 7, 159, 0, NULL, NULL, NULL, NULL, 0),
(511, 7, 159, 0, '', '', '', '', 0),
(512, 7, 159, 0, '', '', '', '', 0),
(513, 7, 159, 0, '', '', '', '', 0);

-- --------------------------------------------------------

--
-- テーブルの構造 `like`
--

CREATE TABLE `like` (
  `id` int(11) NOT NULL,
  `user_id` int(11) NOT NULL,
  `post_id` int(11) NOT NULL
) ENGINE=InnoDB DEFAULT CHARSET=utf8;

-- --------------------------------------------------------

--
-- テーブルの構造 `post`
--

CREATE TABLE `post` (
  `post_id` int(11) NOT NULL COMMENT 'ID',
  `user_id` int(11) NOT NULL COMMENT '氏名',
  `title` longtext NOT NULL COMMENT 'タイトル',
  `file_name` varchar(255) NOT NULL COMMENT 'イメージ画像',
  `file_path` varchar(255) NOT NULL,
  `style_id` varchar(100) NOT NULL COMMENT 'スタイル',
  `like_id` int(11) DEFAULT NULL,
  `contents` varchar(6000) NOT NULL COMMENT '紹介内容',
  `created_id` datetime DEFAULT NULL COMMENT '作成日時',
  `updated_id` datetime DEFAULT NULL ON UPDATE CURRENT_TIMESTAMP COMMENT '更新日時',
  `del_flg` int(11) NOT NULL DEFAULT '0' COMMENT '権限(0:表示1:非表示)'
) ENGINE=InnoDB DEFAULT CHARSET=utf8;

--
-- テーブルのデータのダンプ `post`
--

INSERT INTO `post` (`post_id`, `user_id`, `title`, `file_name`, `file_path`, `style_id`, `like_id`, `contents`, `created_id`, `updated_id`, `del_flg`) VALUES
(129, 6, 'mtnbのスタジャンを使ったコーディネート', '202111301520351637622489_1000.jpg', 'img/202111301520351637622489_1000.jpg', 'ストリート', NULL, 'mtnbのスタジャンを使ったストリートコーデ\r\n', '2021-11-30 23:48:44', '2021-12-06 20:11:13', 0),
(131, 6, 'ミリタリージャケットを使ったコーデ', '202112040607121636163950_1000.jpg', 'img/202112040607121636163950_1000.jpg', 'カジュアル', NULL, '“キルティングジャケット”<br /><br /><br /><br /><br /><br /><br /><br /><br /><br /><br /><br /><br /><br /><br /><br /><br /><br /><br />\r\nカーキは原色と相性がいいので、カラーパンツ合わせもオススメ◎', '2021-12-01 00:09:19', '2021-12-04 15:07:12', 0),
(132, 6, 'ノーカラージャケット＆イージータックテーパードパンツ を使ったコーディネート', '2021120406313320210323170717162_1000.jpg', 'img/2021120406313320210323170717162_1000.jpg', 'カジュアル', NULL, '大人セットアップスタイル<br /><br /><br /><br /><br /><br /><br /><br />\r\n<br /><br /><br /><br /><br /><br /><br /><br />\r\nノーカラーのスタイリッシュなジャケットに<br /><br /><br /><br /><br /><br /><br /><br />\r\nタートルネックの大人合わせで品格ある着こなしに。<br /><br /><br /><br /><br /><br /><br /><br />\r\n<br /><br /><br /><br /><br /><br /><br /><br />\r\nダークトーンで合わせるとよりシックに<br /><br /><br /><br /><br /><br /><br /><br />\r\n大人の装いに。<br /><br /><br /><br /><br /><br /><br /><br />\r\n<br /><br /><br /><br /><br /><br /><br /><br />\r\n〜〜〜〜pickup item〜〜〜〜〜〜〜<br /><br /><br /><br /><br /><br /><br /><br />\r\n<br /><br /><br /><br /><br /><br /><br /><br />\r\n□tops□<br /><br /><br /><br /><br /><br /><br /><br />\r\n21AW新作アイテム。<br /><br /><br /><br /><br /><br /><br /><br />\r\n一枚でも着用できるよう適度なゆとりを持たせたタートルネック。<br /><br /><br /><br /><br /><br /><br /><br />\r\n袖先とバックの裾部分にラインを配置し、デザインにアクセントを加えました。<br /><br /><br /><br /><br /><br /><br /><br />\r\n<br /><br /><br /><br /><br /><br /><br /><br />\r\n□setup□<br /><br /><br /><br /><br /><br /><br /><br />\r\nAW新作アイテム。<br /><br /><br /><br /><br /><br /><br /><br />\r\nポリエステルのサラッとした着やすさが魅力的で気疲れしにくいセットアップ。', '2021-12-01 00:31:46', '2021-12-04 15:31:33', 0),
(133, 6, 'ビッグアーガイル Ｖネック リラックスニット バックデザイン付き【ユニセックス】」を使ったコーディネート', '202111301540571636593919_1000.jpg', 'img/202111301540571636593919_1000.jpg', 'アメカジ', NULL, 'アーガイル柄で作る\r\nアメリカンスタイル\r\n\r\n遊び心あるニットが\r\nカジュアルスタイルと好相性◎\r\n\r\nベースボールキャップなどの\r\n小物にあわせてコーデに統一感をプラス✨\r\n\r\n〜〜〜〜pickup item〜〜〜〜〜\r\n\r\n□tops□\r\n秋冬に活躍する温かみある\r\nトラッドなアーガイル柄を\r\n基調とした21AW新作ニット。\r\n\r\nリラックスムード漂う\r\nシルエットで一枚着でも\r\n活躍する一品。\r\n\r\n大柄なアーガイル柄が\r\n存在感抜群で秋冬の主役トップスに。', '2021-12-01 00:40:57', NULL, 0),
(139, 7, 'ステンカラーコートを使ったコーディネート', '202112070622231635950986_1000.jpg', 'img/202112070622231635950986_1000.jpg', 'モード', NULL, '-knit-\r\nチクチクしないコットンタッチの鹿の子編みニット\r\nメンズにはあまり見ないボトルネックの仕様がニットの枠でも存在感を演出してくれる。タートルネックと異なり首元の詰まりが強くないので圧迫感もないのがメリット\r\n通年使えるストレッチTR素材\r\n家庭の洗濯機で洗ってもシワになりづらくイージーケアで着回し力抜群の1本<br />\r\n一枚持っておいて絶対に損はない王道のワイドシルエット', '2021-12-01 17:22:08', '2021-12-07 15:22:23', 0),
(140, 7, 'バケハ  コーデ', '202112051212341638549596_1000.jpg', 'img/202112051212341638549596_1000.jpg', 'モード', NULL, 'モード漂うバケハ、\r\n◎レイヤードニット◎\r\n\r\n青×茶の色味が好き！\r\n\r\n是非チェックしてみて下さい！！', '2021-12-01 17:29:27', '2021-12-05 21:12:34', 0),
(143, 6, 'ハンチング/ベレー帽を使ったコーディネート', '202112010918351636878386_1000.jpg', 'img/202112010918351636878386_1000.jpg', 'アメカジ', NULL, 'スナップボタンのリバースウィーブにルーマニア軍のスリーピングシャツです。', '2021-12-01 18:18:35', NULL, 0),
(147, 7, 'ハイクオリティー メルトンオーバーブルゾン」を使ったコーディネート', '202112010937471636329388_1000.jpg', 'img/202112010937471636329388_1000.jpg', '綺麗め', NULL, '今日は冬コーデをご紹介です‼︎<br /><br />\r\nぜひご参考に！<br /><br />\r\n', '2021-12-01 18:37:47', NULL, 0),
(149, 6, 'ウールフリース　バスクシャツ風セーター」を使ったコーディネート', '202112030937021638071649_1000.jpg', 'img/202112030937021638071649_1000.jpg', 'ミリタリー', NULL, '大きめのシャンブレーシャツに<br /><br />\r\nウールフリースのバスクシャツセーターを<br /><br />\r\nレイヤード！<br /><br />\r\n<br /><br />\r\nで、日々の着用で少しずつ良い味が出てきた<br /><br />\r\n2タックバギートラウザー！<br /><br />\r\nローファー合わせで少し綺麗に。<br /><br />\r\n<br /><br />\r\n寒くなったら、M-65があればバッチリ！<br /><br />\r\nライナーは要らない派です。<br /><br />\r\n寒いけど…<br /><br />\r\n<br /><br />\r\n漁師さん御用達のバスクシャツは、<br /><br />\r\nフランス海軍のユニフォーム！<br /><br />\r\nワークウェアでもありミリタリーウェア。<br /><br />\r\nM-65とも相性抜群です！<br /><br />\r\n', '2021-12-03 18:28:24', '2021-12-03 18:37:02', 0),
(152, 8, 'スラックスを使ったモードコーデ', '202112060959041637076908_1000.jpg', 'img/202112060959041637076908_1000.jpg', 'モード', NULL, 'センタープレスストレートパンツを使ったしっとり大人モードコーデ。\r\n\r\nスタイル選ばず、幅広い着こなし可能な万能パンツ\r\n\r\nセンタープレスの入った美シルエットスタプレパンツ\r\n\r\n・上品に見えるスリムなシルエット\r\n・着用シーズンを選ばない素材感は、お気に入りのアイテムとの相性も抜群\r\n・秋らしい落ち着いた色展開', '2021-12-06 18:59:04', '2021-12-06 18:59:56', 0),
(153, 8, 'ケーブルボリュームニットカーディガン を使ったコーディネート', '202112061004461638309628_1000.jpg', 'img/202112061004461638309628_1000.jpg', 'カジュアル', NULL, 'グリーン×ブラック\r\n\r\nMONO-MARTのケーブルボリュームニットカーディガン着用\r\nAW新作！！\r\n　\r\nゆったりとした丸みのあるシルエットで、アウター、インナーどちらでも大活躍のアイテムです！！\r\n　\r\nキレイめのアイテムとの相性も抜群！！', '2021-12-06 19:04:46', NULL, 0),
(154, 7, 'Shipのデニムパンツを使ったコーディネート', '202112061040391638050421_1000.jpg', 'img/202112061040391638050421_1000.jpg', 'アメカジ', NULL, '「511(TM)-スリムフィット/ライトインディゴブルー/LEGENDARY/10.9oz」', '2021-12-06 19:40:39', NULL, 0),
(155, 7, 'ステンカラーコートを使ったコーデ', '202112061059431638070235_1000.jpg', 'img/202112061059431638070235_1000.jpg', '綺麗め', NULL, 'Lui\'s(ルイス)オリジナル21AWコレクションより、ベーシックでキレイめなメルトンステンカラーコートの登場です。カジュアルにもキレイめにもどちらでもお使い頂けるコートです。', '2021-12-06 19:59:43', NULL, 0),
(156, 15, 'heitaのミリタリーコーデ　冬', '202112070220591638531048_1000.jpg', 'img/202112070220591638531048_1000.jpg', 'ミリタリー', NULL, '「DICKIES　オリジナル874　TWILL WORK　PANTS ワークパンツ【DK874】」を使ったコーディネート\r\nポリエステル65％、綿35％のTCツイルはがんがん洗濯して着れるタフな素材感でワークウェアはもちろんデイリーウェアとしてもってこい！\r\nリーズナブルな価格そして労働者向けのタフな生地やシルエットに世界中の人々虜に！選ぶサイズによってシルエットの印象が変わるので、ジャストサイズでキチッと着るのもよし、サイズアップしてゆったりワイドパンツのようにも着れるので、お好みのスタイルに合わせてサイズとカラーをチョイスしていただけます。\r\nスケートボードをはじめとするストリートシーンや性別問わずユニセックスで着用できるので、ペアコーデやおそろコーデのアイテムにもおすすめの一着♪', '2021-12-07 11:20:59', '2021-12-07 11:26:57', 0),
(157, 7, 'タイトル', '202112070845151636421299_1000.jpg', 'img/202112070845151636421299_1000.jpg', '綺麗め', NULL, '内容', '2021-12-07 17:45:15', '2021-12-07 17:45:41', 1),
(158, 7, 'タイトル２', '202112070847231636421299_1000.jpg', 'img/202112070847231636421299_1000.jpg', '綺麗め', NULL, '内容２', '2021-12-07 17:46:15', '2021-12-07 17:47:46', 1),
(159, 7, 'タイトル１', '202112071101451636421299_1000.jpg', 'img/202112071101451636421299_1000.jpg', '綺麗め', NULL, '内容１', '2021-12-07 19:59:42', '2021-12-07 20:01:45', 0);

-- --------------------------------------------------------

--
-- テーブルの構造 `style`
--

CREATE TABLE `style` (
  `style_id` int(11) NOT NULL,
  `style_name` varchar(50) NOT NULL
) ENGINE=InnoDB DEFAULT CHARSET=utf8;

--
-- テーブルのデータのダンプ `style`
--

INSERT INTO `style` (`style_id`, `style_name`) VALUES
(1, 'カジュアル'),
(2, '綺麗め'),
(3, 'ストリート'),
(4, 'モード'),
(5, 'ミリタリー'),
(6, 'アメカジ');

-- --------------------------------------------------------

--
-- テーブルの構造 `users`
--

CREATE TABLE `users` (
  `id` int(11) NOT NULL COMMENT 'システムID',
  `email` varchar(50) NOT NULL,
  `name` varchar(100) NOT NULL,
  `pass` varchar(200) NOT NULL COMMENT 'ハッシュ化',
  `birth` varchar(50) NOT NULL,
  `gender` varchar(50) DEFAULT NULL,
  `hight` varchar(50) DEFAULT NULL,
  `role` int(11) NOT NULL DEFAULT '0' COMMENT '権限 0:一般ユーザ　1:管理ユーザ',
  `created_at` datetime DEFAULT NULL,
  `updated_at` datetime DEFAULT NULL COMMENT 'ON UPDATE CURRENT_TIMESTAMP'
) ENGINE=InnoDB DEFAULT CHARSET=utf8;

--
-- テーブルのデータのダンプ `users`
--

INSERT INTO `users` (`id`, `email`, `name`, `pass`, `birth`, `gender`, `hight`, `role`, `created_at`, `updated_at`) VALUES
(6, 'ettsu.8725@gmail.com', '高野徹', '$2y$10$A7mDAzkVdnrN0tF./fAkQu6Waml4Ikuy.CgHlQSpGB5DrmXBcjznm', '1996-08-03', 'female', '180', 0, NULL, NULL),
(7, 'arai.1004@gmail.com', '新井宏輔', '$2y$10$54h2LQzlMhHlFFElqFilaOcff3oU.99yy7vKYkRWNrHVYrAjHO7fu', '1996-10-04', 'male', '174', 1, NULL, NULL),
(8, 'bunnta.0919@gmail.com', '吉田文太郎', '$2y$10$G5olWgpgbmm8QDXPMgZwieYcaZAApKvjRL7wmP2t.YiaOKA3xrYPe', '1996-10-19', 'male', '174', 0, NULL, NULL),
(10, 'makoto.1111@gmail.com', '谷口真', '$2y$10$NO7Yydi2UBZMAvBuVgXvlePebetMws.6thGD0REyQgNKUqFp8WoHa', '2021-01-01', 'male', '190', 0, NULL, NULL),
(13, 'yamada.1111@gmail.com', '山田太郎', '$2y$10$3vbtyOHhBip1DtK9X/l90OprFgOjLZZZnNi96kBfI5GWaV0IPwCM.', '2021-01-01', 'male', '190', 0, NULL, NULL),
(15, 'heita0807@gmail.com', '高野　平太', '$2y$10$cJoHP9ZlTCv9FDfkRGgJ.eiqsHhVDKjr5Uym7QUMKg7.fMgdRqY4K', '2016-08-07', 'male', '150', 0, NULL, NULL),
(16, 'general@gmail.com', 'テスト　テスト', '$2y$10$arLLc9dn37hwi1cDFjJwoOZbN2RsmEQ1Fk3/SCfmXbv3U9WLtgiJm', '2020-01-01', 'male', '190', 0, NULL, NULL);

--
-- ダンプしたテーブルのインデックス
--

--
-- テーブルのインデックス `categories`
--
ALTER TABLE `categories`
  ADD PRIMARY KEY (`category_id`);

--
-- テーブルのインデックス `items`
--
ALTER TABLE `items`
  ADD PRIMARY KEY (`items_id`);

--
-- テーブルのインデックス `like`
--
ALTER TABLE `like`
  ADD PRIMARY KEY (`id`);

--
-- テーブルのインデックス `post`
--
ALTER TABLE `post`
  ADD PRIMARY KEY (`post_id`);

--
-- テーブルのインデックス `style`
--
ALTER TABLE `style`
  ADD PRIMARY KEY (`style_id`);

--
-- テーブルのインデックス `users`
--
ALTER TABLE `users`
  ADD PRIMARY KEY (`id`),
  ADD UNIQUE KEY `mail` (`email`),
  ADD UNIQUE KEY `username` (`name`);

--
-- ダンプしたテーブルの AUTO_INCREMENT
--

--
-- テーブルの AUTO_INCREMENT `categories`
--
ALTER TABLE `categories`
  MODIFY `category_id` int(11) NOT NULL AUTO_INCREMENT, AUTO_INCREMENT=6;

--
-- テーブルの AUTO_INCREMENT `items`
--
ALTER TABLE `items`
  MODIFY `items_id` int(11) NOT NULL AUTO_INCREMENT, AUTO_INCREMENT=514;

--
-- テーブルの AUTO_INCREMENT `like`
--
ALTER TABLE `like`
  MODIFY `id` int(11) NOT NULL AUTO_INCREMENT, AUTO_INCREMENT=1869;

--
-- テーブルの AUTO_INCREMENT `post`
--
ALTER TABLE `post`
  MODIFY `post_id` int(11) NOT NULL AUTO_INCREMENT COMMENT 'ID', AUTO_INCREMENT=160;

--
-- テーブルの AUTO_INCREMENT `style`
--
ALTER TABLE `style`
  MODIFY `style_id` int(11) NOT NULL AUTO_INCREMENT, AUTO_INCREMENT=7;

--
-- テーブルの AUTO_INCREMENT `users`
--
ALTER TABLE `users`
  MODIFY `id` int(11) NOT NULL AUTO_INCREMENT COMMENT 'システムID', AUTO_INCREMENT=17;

/*!40101 SET CHARACTER_SET_CLIENT=@OLD_CHARACTER_SET_CLIENT */;
/*!40101 SET CHARACTER_SET_RESULTS=@OLD_CHARACTER_SET_RESULTS */;
/*!40101 SET COLLATION_CONNECTION=@OLD_COLLATION_CONNECTION */;
